city,time,latitude,longitude,temperature_2m,relative_humidity_2m,dew_point_2m,surface_pressure,wind_speed_10m,wind_direction_10m,cloud_cover,precipitation,weather_code,thunderstorm,golden_row
Nagpur,2022-08-03 10:00:00,21.15,79.09,30.5,72,24.9,969.9,5.5,23,99,0.2,51,0,0
Nagpur,2022-08-03 11:00:00,21.15,79.09,31.0,71,25.1,969.4,4.2,31,99,0.3,51,0,0
Nagpur,2022-08-03 12:00:00,21.15,79.09,31.4,71,25.5,968.1,2.8,40,99,0.3,51,0,0
Nagpur,2022-08-03 13:00:00,21.15,79.09,32.0,69,25.7,967.1,3.7,29,100,0.2,51,0,0
Kolkata,2024-07-05 00:00:00,22.57,88.36,26.8,92,25.3,1000.2,10.5,221,100,6.7,63,1,1
Kolkata,2024-07-05 01:00:00,22.57,88.36,26.6,92,25.1,999.6,9.6,200,100,1.2,55,0,1
Kolkata,2024-07-05 02:00:00,22.57,88.36,26.2,95,25.4,999.5,11.5,200,100,3.1,63,1,1
Kolkata,2024-07-05 03:00:00,22.57,88.36,25.9,97,25.4,999.9,9.4,182,100,8.0,65,1,1
Jaipur,2024-07-04 17:00:00,26.91,75.79,30.6,70,24.6,950.8,10.2,278,100,0.0,3,0,2
Jaipur,2024-07-04 18:00:00,26.91,75.79,29.2,74,24.2,950.8,8.4,317,100,0.0,3,0,2
Jaipur,2024-07-04 19:00:00,26.91,75.79,28.6,78,24.5,951.3,5.8,270,100,0.0,3,0,2
Jaipur,2024-07-04 20:00:00,26.91,75.79,28.3,83,25.2,951.4,2.8,320,100,0.0,3,0,2
Mumbai,2023-07-07 15:00:00,19.08,72.88,27.2,88,25.0,1000.9,23.8,243,100,2.7,63,1,3
Mumbai,2023-07-07 16:00:00,19.08,72.88,26.2,92,24.8,1001.0,24.3,241,100,2.5,63,1,3
Mumbai,2023-07-07 17:00:00,19.08,72.88,26.7,90,24.8,1000.8,26.3,237,100,3.3,63,1,3
Mumbai,2023-07-07 18:00:00,19.08,72.88,26.4,91,24.8,1001.3,26.4,238,100,2.2,61,1,3
Guwahati,2024-08-06 01:00:00,26.14,91.74,25.3,98,24.9,997.4,3.1,111,100,3.3,63,1,4
Guwahati,2024-08-06 02:00:00,26.14,91.74,25.4,98,25.0,997.1,3.3,131,100,7.6,65,1,4
Guwahati,2024-08-06 03:00:00,26.14,91.74,25.3,98,24.9,996.9,5.6,105,100,14.8,65,1,4
Guwahati,2024-08-06 04:00:00,26.14,91.74,25.2,98,24.8,997.0,5.6,75,100,14.0,65,1,4
Bengaluru,2024-10-25 23:00:00,12.97,77.59,19.7,82,16.5,911.7,6.9,5,100,0.0,3,0,5
Bengaluru,2024-10-26 00:00:00,12.97,77.59,19.3,84,16.4,910.7,6.4,8,100,0.0,3,0,5
Bengaluru,2024-10-26 01:00:00,12.97,77.59,18.1,88,16.1,909.8,9.6,4,2,0.0,0,0,5
Bengaluru,2024-10-26 02:00:00,12.97,77.59,18.0,88,15.9,909.0,7.4,3,0,0.0,0,0,5
Mumbai,2022-09-05 15:00:00,19.08,72.88,28.4,77,24.0,1005.2,14.7,281,87,0.2,51,0,6
Mumbai,2022-09-05 16:00:00,19.08,72.88,27.0,83,23.8,1004.8,13.8,298,99,0.5,53,0,6
Mumbai,2022-09-05 17:00:00,19.08,72.88,28.0,77,23.6,1004.8,13.7,305,100,0.0,3,0,6
Mumbai,2022-09-05 18:00:00,19.08,72.88,27.7,79,23.8,1004.9,11.2,312,88,0.0,3,0,6
Mumbai,2023-11-22 10:00:00,19.08,72.88,31.2,42,16.7,1012.6,8.9,69,0,0.0,0,0,7
Mumbai,2023-11-22 11:00:00,19.08,72.88,32.9,35,15.4,1011.5,7.1,66,0,0.0,0,0,7
Mumbai,2023-11-22 12:00:00,19.08,72.88,33.6,31,14.0,1010.3,4.0,10,0,0.0,0,0,7
Mumbai,2023-11-22 13:00:00,19.08,72.88,33.6,31,14.3,1009.2,6.9,317,0,0.0,0,0,7
Jaipur,2024-08-07 19:00:00,26.91,75.79,26.5,78,22.2,954.3,10.9,264,100,0.0,3,0,8
Jaipur,2024-08-07 20:00:00,26.91,75.79,26.5,77,22.1,954.9,8.9,256,100,0.0,3,0,8
Jaipur,2024-08-07 21:00:00,26.91,75.79,26.1,79,22.2,955.7,7.9,270,100,0.0,3,0,8
Jaipur,2024-08-07 22:00:00,26.91,75.79,26.1,79,22.2,955.8,8.7,240,100,0.1,51,0,8
Bengaluru,2024-11-25 19:00:00,12.97,77.59,23.2,61,15.3,912.9,10.7,78,100,0.0,3,0,9
Bengaluru,2024-11-25 20:00:00,12.97,77.59,22.1,66,15.4,913.1,10.2,72,100,0.0,3,0,9
Bengaluru,2024-11-25 21:00:00,12.97,77.59,21.3,73,16.2,913.2,10.6,76,100,0.0,3,0,9
Bengaluru,2024-11-25 22:00:00,12.97,77.59,20.4,82,17.3,913.0,10.1,70,100,0.0,3,0,9
Mumbai,2023-07-20 03:00:00,19.08,72.88,26.1,91,24.5,1000.4,21.7,276,100,3.3,63,1,10
Mumbai,2023-07-20 04:00:00,19.08,72.88,25.9,91,24.4,1000.2,22.0,273,100,3.4,63,1,10
Mumbai,2023-07-20 05:00:00,19.08,72.88,26.0,89,24.1,1000.2,19.6,257,100,2.3,61,1,10
Mumbai,2023-07-20 06:00:00,19.08,72.88,25.5,92,24.1,1001.4,18.7,268,100,3.0,63,1,10
