city,time,cape,cin,temperature_2m,dewpoint_2m,relative_humidity,surface_pressure,wind_speed_10m,wind_direction_10m,cloud_cover,precipitable_water,dew_point_depression,cape_cin_ratio,hour_sin,hour_cos,month_sin,month_cos,latitude,longitude,precip_1hr_ago,precip_last_3hr,storm_2hr_ago,cloud_trend,temp_trend,pressure_trend,target_lead_1h,colab_prob
Nagpur,2022-08-03 13:00:00,5000.0,126.50299601195225,32.0,25.7,69,967.1,3.7,29,100,6.596463590216675,6.300000000000001,39.52475559968232,-0.2588190451025208,-0.9659258262890683,-0.8660254037844384,-0.5000000000000004,21.15,79.09,0.3,0.8,0,1.0,0.6000000000000014,-1.0,1,0.14887640449438203
Kolkata,2024-07-05 03:00:00,5000.0,2.8284271247461903,25.9,25.4,97,999.9,9.4,182,100,6.256283100866967,0.5,1767.7669529663688,0.7071067811865475,0.7071067811865476,-0.4999999999999997,-0.8660254037844388,22.57,88.36,3.1,11.0,0,0.0,-0.3000000000000007,0.39999999999997726,1,0.3466666666666667
Jaipur,2024-07-04 20:00:00,5000.0,43.66490581691437,28.3,25.2,83,951.4,2.8,320,100,6.505773128514252,3.1000000000000014,114.50843432400492,-0.8660254037844386,0.5000000000000001,-0.4999999999999997,-0.8660254037844388,26.91,75.79,0.0,0.0,0,0.0,-0.3000000000000007,0.10000000000002274,1,0.01680672268907563
Mumbai,2023-07-07 18:00:00,5000.0,16.19086162006207,26.4,24.8,91,1001.3,26.4,238,100,6.020565332175129,1.5999999999999979,308.81617775081895,-1.0,-1.8369701987210297e-16,-0.4999999999999997,-0.8660254037844388,19.08,72.88,3.3,8.5,1,0.0,-0.3000000000000007,0.5,1,0.515625
Guwahati,2024-08-06 04:00:00,5000.0,2.023857702507752,25.2,24.8,98,997.0,5.6,75,100,6.047373225128439,0.3999999999999986,2470.5294220065593,0.8660254037844386,0.5000000000000001,-0.8660254037844384,-0.5000000000000004,26.14,91.74,14.8,25.7,1,0.0,-0.10000000000000142,0.10000000000002274,1,0.28421052631578947
Bengaluru,2024-10-26 02:00:00,5000.0,24.34551293359825,18.0,15.9,88,909.0,7.4,3,0,5.0,2.0999999999999996,205.3766545661769,0.49999999999999994,0.8660254037844387,-0.8660254037844386,0.5000000000000001,12.97,77.59,0.0,0.0,0,-2.0,-0.10000000000000142,-0.7999999999999545,0,0.0
Mumbai,2022-09-05 18:00:00,5000.0,61.615063093370246,27.7,23.8,79,1004.9,11.2,312,88,5.63846237872077,3.8999999999999986,81.14898774708871,-1.0,-1.8369701987210297e-16,-1.0,-1.8369701987210297e-16,19.08,72.88,0.0,0.7,0,-12.0,-0.3000000000000007,0.10000000000002274,0,0.0032679738562091504
Mumbai,2023-11-22 13:00:00,5000.0,400.0,33.6,14.3,31,1009.2,6.9,317,0,5.0,19.3,12.5,-0.2588190451025208,-0.9659258262890683,-0.5000000000000004,0.8660254037844384,19.08,72.88,0.0,0.0,0,0.0,0.0,-1.099999999999909,0,0.0
Jaipur,2024-08-07 22:00:00,5000.0,61.615063093370324,26.1,22.2,79,955.8,8.7,240,100,5.3730341816239795,3.900000000000002,81.14898774708861,-0.5000000000000004,0.8660254037844384,-0.8660254037844384,-0.5000000000000004,26.91,75.79,0.0,0.0,0,0.0,0.0,0.09999999999990905,0,0.0011862396204033216
Bengaluru,2024-11-25 22:00:00,5000.0,43.6649058169143,20.4,17.3,82,913.0,10.1,70,100,5.0,3.099999999999998,114.50843432400512,-0.5000000000000004,0.8660254037844384,-0.5000000000000004,0.8660254037844384,12.97,77.59,0.0,0.0,0,0.0,-0.9000000000000021,-0.20000000000004547,0,0.0
Mumbai,2023-07-20 06:00:00,5000.0,13.25201871414312,25.5,24.1,92,1001.4,18.7,268,100,5.764993595336075,1.3999999999999986,377.3010065752312,1.0,6.123233995736766e-17,-0.4999999999999997,-0.8660254037844388,19.08,72.88,2.3,9.0,1,0.0,-0.5,1.1999999999999318,0,1.0
